{
	"format_version": "1.8.0",
	"animations": {
		"landing_gear": {
			"animation_length": 2,
			"bones": {
				"Right_Gear": {
					"rotation": {
						"0.0": [0, 0, 0],
						"0.0417": [-2.02063, 0, 0],
						"0.0833": [-5.26618, 0, 0],
						"0.125": [-8.91113, 0, 0],
						"0.1667": [-12.76957, 0, 0],
						"0.625": [-59.06362, 0, 0],
						"0.7917": [-75.7368, 0, 0],
						"0.8333": [-79.73043, 0, 0],
						"0.875": [-83.58887, 0, 0],
						"0.9167": [-87.23382, 0, 0],
						"0.9583": [-90.47937, 0, 0],
						"1.0": [-92.5, 0, 0]
					},
					"position": {
						"0.0": [0, 0, 0],
						"0.0417": [0, 0.16274, 0.20807],
						"0.0833": [0, 0.42414, 0.54227],
						"0.125": [0, 0.71771, 0.91761],
						"0.1667": [0, 1.02847, 1.31492],
						"0.625": [0, 4.75702, 6.08196],
						"0.7917": [0, 6.09988, 7.79884],
						"0.8333": [0, 6.42153, 8.21008],
						"0.875": [0, 6.73229, 8.60739],
						"0.9167": [0, 7.02586, 8.98273],
						"0.9583": [0, 7.28726, 9.31693],
						"1.0": [0, 7.45, 9.525]
					},
					"scale": {
						"0.0": [1, 1, 1],
						"0.5417": [0.83612, 0.83612, 0.83612],
						"0.9167": [0.71708, 0.71708, 0.71708],
						"1.0": [0.7, 0.7, 0.7]
					}
				},
				"Right_Door": {
					"rotation": {
						"1.0": [0, 0, 0],
						"1.0417": [0, 0, -1.91141],
						"1.0833": [0, 0, -4.98152],
						"1.125": [0, 0, -8.42945],
						"1.1667": [0, 0, -12.07932],
						"1.625": [0, 0, -55.87099],
						"1.7917": [0, 0, -71.64291],
						"1.8333": [0, 0, -75.42068],
						"1.875": [0, 0, -79.07055],
						"1.9167": [0, 0, -82.51848],
						"1.9583": [0, 0, -85.58859],
						"2.0": [0, 0, -87.5]
					}
				},
				"Left_Gear": {
					"rotation": {
						"0.0": [0, 0, 0],
						"0.0417": [-2.02063, 0, 0],
						"0.0833": [-5.26618, 0, 0],
						"0.125": [-8.91113, 0, 0],
						"0.1667": [-12.76957, 0, 0],
						"0.625": [-59.06362, 0, 0],
						"0.7917": [-75.7368, 0, 0],
						"0.8333": [-79.73043, 0, 0],
						"0.875": [-83.58887, 0, 0],
						"0.9167": [-87.23382, 0, 0],
						"0.9583": [-90.47937, 0, 0],
						"1.0": [-92.5, 0, 0]
					},
					"position": {
						"0.0": [0, 0, 0],
						"0.0417": [0, 0.16274, 0.20807],
						"0.0833": [0, 0.42414, 0.54227],
						"0.125": [0, 0.71771, 0.91761],
						"0.1667": [0, 1.02847, 1.31492],
						"0.625": [0, 4.75702, 6.08196],
						"0.7917": [0, 6.09988, 7.79884],
						"0.8333": [0, 6.42153, 8.21008],
						"0.875": [0, 6.73229, 8.60739],
						"0.9167": [0, 7.02586, 8.98273],
						"0.9583": [0, 7.28726, 9.31693],
						"1.0": [0, 7.45, 9.525]
					},
					"scale": {
						"0.0": [1, 1, 1],
						"0.5417": [0.83612, 0.83612, 0.83612],
						"0.9167": [0.71708, 0.71708, 0.71708],
						"1.0": [0.7, 0.7, 0.7]
					}
				},
				"Left_Door": {
					"rotation": {
						"1.0": [0, 0, 0],
						"1.0417": [0, 0, 1.91141],
						"1.0833": [0, 0, 4.98152],
						"1.125": [0, 0, 8.42945],
						"1.1667": [0, 0, 12.07932],
						"1.625": [0, 0, 55.87099],
						"1.7917": [0, 0, 71.64291],
						"1.8333": [0, 0, 75.42068],
						"1.875": [0, 0, 79.07055],
						"1.9167": [0, 0, 82.51848],
						"1.9583": [0, 0, 85.58859],
						"2.0": [0, 0, 87.5]
					}
				},
				"Front_Door": {
					"rotation": {
						"1.0": [0, 0, 0],
						"1.0417": [1.69296, 0, 0],
						"1.0833": [4.41221, 0, 0],
						"1.125": [7.46609, 0, 0],
						"1.1667": [10.69883, 0, 0],
						"1.625": [49.48574, 0, 0],
						"1.7917": [63.45515, 0, 0],
						"1.8333": [66.80117, 0, 0],
						"1.875": [70.03391, 0, 0],
						"1.9167": [73.08779, 0, 0],
						"1.9583": [75.80704, 0, 0],
						"2.0": [77.5, 0, 0]
					},
					"position": {
						"1.0": [0, 0, 0],
						"1.0417": [0, 0.02512, 0],
						"1.5833": [0, 0.68136, 0],
						"1.9167": [0, 1.08453, 0],
						"1.9583": [0, 1.12488, 0],
						"2.0": [0, 1.15, 0]
					}
				},
				"Front_Gear": {
					"rotation": {
						"0.0": [0, 0, 0],
						"0.0417": [1.70388, 0, 0],
						"0.0833": [4.44067, 0, 0],
						"0.125": [7.51425, 0, 0],
						"0.1667": [10.76785, 0, 0],
						"0.625": [49.805, 0, 0],
						"0.7917": [63.86454, 0, 0],
						"0.8333": [67.23215, 0, 0],
						"0.875": [70.48575, 0, 0],
						"0.9167": [73.55933, 0, 0],
						"0.9583": [76.29612, 0, 0],
						"1.0": [78, 0, 0]
					},
					"scale": 1
				}
			}
		}
	}
}