{
	"format_version": "1.8.0",
	"animations": {
		"landing_gear": {
			"animation_length": 2,
			"bones": {
				"gearL": {
					"rotation": {
						"0.0": [0, 0, 0],
						"0.0417": [-1.14735, 0, 0],
						"0.0833": [-2.74999, 0, 0],
						"0.625": [-27.28294, 0, 0],
						"1.1667": [-52.89088, 0, 0],
						"1.7083": [-78.16808, 0, 0],
						"1.9167": [-87.25001, 0, 0],
						"1.9583": [-88.85265, 0, 0],
						"2.0": [-90, 0, 0]
					}
				},
				"gearF": {
					"rotation": {
						"0.0": [0, 0, 0],
						"0.0417": [-1.14735, 0, 0],
						"0.0833": [-2.74999, 0, 0],
						"0.625": [-27.28294, 0, 0],
						"1.1667": [-52.89088, 0, 0],
						"1.7083": [-78.16808, 0, 0],
						"1.9167": [-87.25001, 0, 0],
						"1.9583": [-88.85265, 0, 0],
						"2.0": [-90, 0, 0]
					}
				},
				"gearR": {
					"rotation": {
						"0.0": [0, 0, 0],
						"0.0417": [-1.14735, 0, 0],
						"0.0833": [-2.74999, 0, 0],
						"0.625": [-27.28294, 0, 0],
						"1.1667": [-52.89088, 0, 0],
						"1.7083": [-78.16808, 0, 0],
						"1.9167": [-87.25001, 0, 0],
						"1.9583": [-88.85265, 0, 0],
						"2.0": [-90, 0, 0]
					}
				}
			}
		},
		"airbrake": {
			"animation_length": 1,
			"bones": {
				"Air_Brake": {
					"rotation": {
						"0.0": [0, 0, 0],
						"1.0": [50, 0, 0]
					}
				}
			}
		}
	}
}