{
	"format_version": "1.8.0",
	"animations": {
		"landing_gear": {
			"animation_length": 2,
			"bones": {
				"Tyre": {
					"rotation": {
						"0.0": [0, 0, 0],
						"0.0417": [-1.50551, 0, 0],
						"0.0833": [-3.74495, 0, 0],
						"0.125": [-6.19823, 0, 0],
						"0.6667": [-42.15216, 0, 0],
						"1.0833": [-70.41816, 0, 0],
						"1.25": [-81.23419, 0, 0],
						"1.2917": [-83.80177, 0, 0],
						"1.3333": [-86.25505, 0, 0],
						"1.375": [-88.49449, 0, 0],
						"1.4167": [-90, 0, 0]
					}
				},
				"ForwardTyreHatch": {
					"rotation": {
						"1.0": [0, 0, 0],
						"1.0417": [0, 0, 1.96602],
						"1.0833": [0, 0, 5.12385],
						"1.125": [0, 0, 8.67029],
						"1.1667": [0, 0, 12.42444],
						"1.625": [0, 0, 57.46731],
						"1.7917": [0, 0, 73.68985],
						"1.8333": [0, 0, 77.57556],
						"1.875": [0, 0, 81.32971],
						"1.9167": [0, 0, 84.87615],
						"1.9583": [0, 0, 88.03398],
						"2.0": [0, 0, 90]
					}
				},
				"RightTyre": {
					"rotation": {
						"0.0": [0, 0, 0],
						"0.0417": [-1.14735, 0, 0],
						"0.0833": [-2.74999, 0, 0],
						"0.625": [-27.28294, 0, 0],
						"1.1667": [-52.89088, 0, 0],
						"1.7083": [-78.16808, 0, 0],
						"1.9167": [-87.25001, 0, 0],
						"1.9583": [-88.85265, 0, 0],
						"2.0": [-90, 0, 0]
					}
				},
				"LeftTyre": {
					"rotation": {
						"0.0": [0, 0, 0],
						"0.0417": [-1.14735, 0, 0],
						"0.0833": [-2.74999, 0, 0],
						"0.625": [-27.28294, 0, 0],
						"1.1667": [-52.89088, 0, 0],
						"1.7083": [-78.16808, 0, 0],
						"1.9167": [-87.25001, 0, 0],
						"1.9583": [-88.85265, 0, 0],
						"2.0": [-90, 0, 0]
					}
				}
			}
		}
	}
}