{
	"format_version": "1.8.0",
	"animations": {
		"landing_gear": {
			"animation_length": 2,
			"bones": {
				"RGear": {
					"rotation": {
						"0.0": [0, 0, 0],
						"0.0417": [0, 0, -1.08361],
						"0.0833": [0, 0, -2.59722],
						"0.625": [0, 0, -25.76722],
						"1.1667": [0, 0, -49.9525],
						"1.7083": [0, 0, -73.82541],
						"1.9167": [0, 0, -82.40278],
						"1.9583": [0, 0, -83.91639],
						"2.0": [0, 0, -85]
					}
				},
				"LGear": {
					"rotation": {
						"0.0": [0, 0, 0],
						"0.0417": [0, 0, 1.08361],
						"0.0833": [0, 0, 2.59722],
						"0.625": [0, 0, 25.76722],
						"1.1667": [0, 0, 49.9525],
						"1.7083": [0, 0, 73.82541],
						"1.9167": [0, 0, 82.40278],
						"1.9583": [0, 0, 83.91639],
						"2.0": [0, 0, 85]
					}
				},
				"FGear": {
					"rotation": {
						"0.0": [0, 0, 0],
						"0.0417": [-1.08361, 0, 0],
						"0.0833": [-2.59722, 0, 0],
						"0.625": [-25.76722, 0, 0],
						"1.1667": [-49.9525, 0, 0],
						"1.7083": [-73.82541, 0, 0],
						"1.9167": [-82.40278, 0, 0],
						"1.9583": [-83.91639, 0, 0],
						"2.0": [-85, 0, 0]
					}
				}
			}
		}
	}
}