{
	"format_version": "1.8.0",
	"animations": {
		"landing_gear": {
			"animation_length": 2,
			"bones": {
				"LGear": {
					"rotation": {
						"0.0": [0, 0, 0],
						"0.0417": [-1.05174, 0, 0],
						"0.0833": [-2.52083, 0, 0],
						"0.625": [-25.00936, 0, 0],
						"1.1667": [-48.48331, 0, 0],
						"1.7083": [-71.65407, 0, 0],
						"1.9167": [-79.97917, 0, 0],
						"1.9583": [-81.44826, 0, 0],
						"2.0": [-82.5, 0, 0]
					},
					"position": {
						"0.0": [0, 0, 0],
						"0.0417": [-0.15585, 0.11187, 0],
						"0.0833": [-0.37354, 0.26812, 0],
						"0.625": [-3.70593, 2.66009, 0],
						"1.1667": [-7.18435, 5.15686, 0],
						"1.6667": [-10.36013, 7.43641, 0],
						"1.875": [-11.61723, 8.33874, 0],
						"1.9167": [-11.85146, 8.50688, 0],
						"1.9583": [-12.06915, 8.66313, 0],
						"2.0": [-12.225, 8.775, 0]
					}
				},
				"RGear": {
					"rotation": {
						"0.0": [0, 0, 0],
						"0.0417": [-1.05174, 0, 0],
						"0.0833": [-2.52083, 0, 0],
						"0.625": [-25.00936, 0, 0],
						"1.1667": [-48.48331, 0, 0],
						"1.7083": [-71.65407, 0, 0],
						"1.9167": [-79.97917, 0, 0],
						"1.9583": [-81.44826, 0, 0],
						"2.0": [-82.5, 0, 0]
					},
					"position": {
						"0.0": [0, 0, 0],
						"0.0417": [0.15585, 0.11187, 0],
						"0.0833": [0.37354, 0.26812, 0],
						"0.625": [3.70593, 2.66009, 0],
						"1.1667": [7.18435, 5.15686, 0],
						"1.6667": [10.36013, 7.43641, 0],
						"1.875": [11.61723, 8.33874, 0],
						"1.9167": [11.85146, 8.50688, 0],
						"1.9583": [12.06915, 8.66313, 0],
						"2.0": [12.225, 8.775, 0]
					}
				},
				"FGear": {
					"rotation": {
						"0.0": [0, 0, 0],
						"0.0417": [-1.3067, 0, 0],
						"0.0833": [-3.13194, 0, 0],
						"0.625": [-31.07224, 0, 0],
						"1.1667": [-60.23684, 0, 0],
						"1.7083": [-89.02476, 0, 0],
						"1.875": [-97.40414, 0, 0],
						"1.9167": [-99.36806, 0, 0],
						"1.9583": [-101.1933, 0, 0],
						"2.0": [-102.5, 0, 0]
					}
				}
			}
		}
	}
}