{
	"format_version": "1.8.0",
	"animations": {
		"landing_gear": {
			"animation_length": 2,
			"bones": {
				"fr_wheels": {
					"rotation": {
						"0.0": [0, 0, 0],
						"0.0417": [-1.14735, 0, 0],
						"0.0833": [-2.74999, 0, 0],
						"0.625": [-27.28294, 0, 0],
						"1.1667": [-52.89088, 0, 0],
						"1.7083": [-78.16808, 0, 0],
						"1.9167": [-87.25001, 0, 0],
						"1.9583": [-88.85265, 0, 0],
						"2.0": [-90, 0, 0]
					}
				},
				"r_wheels2": {
					"rotation": {
						"0.0": [0, 0, 0],
						"0.0417": [-1.51809, 0.05279, 0.07552],
						"0.0833": [-3.83588, 0.13339, 0.19083],
						"0.125": [-6.39567, 0.22241, 0.31818],
						"0.6667": [-44.18376, 1.5365, 2.1981],
						"1.0": [-67.71431, 2.35479, 3.36872],
						"1.125": [-76.00183, 2.64299, 3.78102],
						"1.1667": [-78.56162, 2.73201, 3.90837],
						"1.2083": [-80.87941, 2.81261, 4.02368],
						"1.25": [-82.3975, 2.8654, 4.0992],
						"1.2917": [-82.38041, 3.40202, 4.17533],
						"1.3333": [-82.35076, 4.33316, 4.30744],
						"1.7917": [-81.92232, 17.78607, 6.21604],
						"1.9167": [-81.81324, 21.21114, 6.70196],
						"1.9583": [-81.78359, 22.14228, 6.83407],
						"2.0": [-81.7665, 22.6789, 6.9102]
					},
					"position": {
						"0.0": [0, 0, 0],
						"0.0417": [0, -0.076, 0],
						"0.0833": [0, -0.19203, 0],
						"0.625": [0, -2.0625, 0],
						"1.0417": [0, -3.5315, 0],
						"1.1667": [0, -3.93297, 0],
						"1.2083": [0, -4.049, 0],
						"1.25": [0, -4.125, 0],
						"1.2917": [-0.13, -4.1858, 0],
						"1.3333": [-0.35558, -4.29131, 0],
						"1.375": [-0.6158, -4.41302, 0],
						"1.4167": [-0.89477, -4.54349, 0],
						"1.75": [-3.31655, -5.67618, 0],
						"1.8333": [-3.90523, -5.95151, 0],
						"1.875": [-4.1842, -6.08198, 0],
						"1.9167": [-4.44442, -6.20369, 0],
						"1.9583": [-4.67, -6.3092, 0],
						"2.0": [-4.8, -6.37, 0]
					},
					"scale": {
						"0.0": [1, 1, 1],
						"0.5417": [0.87013, 0.87013, 0.87013],
						"1.0833": [0.72807, 0.72807, 0.72807],
						"1.625": [0.58689, 0.58689, 0.58689],
						"1.9583": [0.50637, 0.50637, 0.50637],
						"2.0": [0.5, 0.5, 0.5]
					}
				},
				"l_wheels2": {
					"rotation": {
						"0.0": [0, 0, 0],
						"0.0417": [-1.51809, -0.05279, 0.07552],
						"0.0833": [-3.83588, -0.13339, 0.19083],
						"0.125": [-6.39567, -0.22241, 0.31818],
						"0.6667": [-44.18376, -1.5365, 2.1981],
						"1.0": [-67.71431, -2.35479, 3.36872],
						"1.125": [-76.00183, -2.64299, 3.78102],
						"1.1667": [-78.56162, -2.73201, 3.90837],
						"1.2083": [-80.87941, -2.81261, 4.02368],
						"1.25": [-82.3975, -2.8654, 4.0992],
						"1.2917": [-82.38041, -3.40202, 3.80103],
						"1.3333": [-82.35076, -4.33316, 3.28363],
						"1.7917": [-81.92232, -17.78607, -4.19149],
						"1.9167": [-81.81324, -21.21114, -6.09463],
						"1.9583": [-81.78359, -22.14228, -6.61203],
						"2.0": [-81.7665, -22.6789, -6.9102]
					},
					"position": {
						"0.0": [0, 0, 0],
						"0.0417": [0, -0.076, 0],
						"0.0833": [0, -0.19203, 0],
						"0.625": [0, -2.0625, 0],
						"1.0417": [0, -3.5315, 0],
						"1.1667": [0, -3.93297, 0],
						"1.2083": [0, -4.049, 0],
						"1.25": [0, -4.125, 0],
						"1.2917": [0.13, -4.1858, 0],
						"1.3333": [0.35558, -4.29131, 0],
						"1.375": [0.6158, -4.41302, 0],
						"1.4167": [0.89477, -4.54349, 0],
						"1.75": [3.31655, -5.67618, 0],
						"1.8333": [3.90523, -5.95151, 0],
						"1.875": [4.1842, -6.08198, 0],
						"1.9167": [4.44442, -6.20369, 0],
						"1.9583": [4.67, -6.3092, 0],
						"2.0": [4.8, -6.37, 0]
					},
					"scale": {
						"0.0": [1, 1, 1],
						"0.5417": [0.87013, 0.87013, 0.87013],
						"1.0833": [0.72807, 0.72807, 0.72807],
						"1.625": [0.58689, 0.58689, 0.58689],
						"1.9583": [0.50637, 0.50637, 0.50637],
						"2.0": [0.5, 0.5, 0.5]
					}
				}
			}
		},
		"hatch_on": {
			"animation_length": 0.125,
			"bones": {
				"FRVtolHacth": {
					"rotation": [0, 0, -100]
				},
				"FLVtolHacth": {
					"rotation": [0, 0, 100]
				},
				"FVtolHacth": {
					"rotation": [-70, 0, 0]
				},
				"BRVtolHacth": {
					"rotation": [0, 0, 90]
				},
				"BLVtolHacth": {
					"rotation": [0, 0, -90]
				},
				"FLVtolHacth2": {
					"rotation": [0, 0, -100]
				},
				"FRVtolHacth2": {
					"rotation": [0, 0, 100]
				}
			}
		},
		"hatch_off": {
			"animation_length": 0.0417,
			"bones": {
				"FRVtolHacth": {
					"rotation": [0, 0, 0]
				},
				"FLVtolHacth": {
					"rotation": [0, 0, 0]
				},
				"FVtolHacth": {
					"rotation": [0, 0, 0]
				},
				"BRVtolHacth": {
					"rotation": [0, 0, 0]
				},
				"BLVtolHacth": {
					"rotation": [0, 0, 0]
				},
				"FLVtolHacth2": {
					"rotation": [0, 0, 0]
				},
				"FRVtolHacth2": {
					"rotation": [0, 0, 0]
				}
			}
		}
	}
}