{
	"format_version": "1.8.0",
	"animations": {
		"landing_gear": {
			"animation_length": 2,
			"bones": {
				"ForwardTyreHatch": {
					"rotation": {
						"1.0": [0, 0, 0],
						"1.0417": [0, 0, -1.96602],
						"1.0833": [0, 0, -5.12385],
						"1.125": [0, 0, -8.67029],
						"1.1667": [0, 0, -12.42444],
						"1.625": [0, 0, -57.46731],
						"1.7917": [0, 0, -73.68985],
						"1.8333": [0, 0, -77.57556],
						"1.875": [0, 0, -81.32971],
						"1.9167": [0, 0, -84.87615],
						"1.9583": [0, 0, -88.03398],
						"2.0": [0, 0, -90]
					}
				},
				"RightTyre2": {
					"rotation": {
						"0.0": [0, 0, 0],
						"0.0417": [-1.81888, -0.90147, -0.24506],
						"0.0833": [-4.74038, -2.34943, -0.63867],
						"0.125": [-8.0214, -3.97557, -1.08071],
						"0.1667": [-11.49459, -5.69695, -1.54865],
						"0.625": [-53.16639, -26.35036, -7.16304],
						"0.7917": [-68.17482, -33.78885, -9.18511],
						"0.8333": [-71.76971, -35.57055, -9.66945],
						"0.875": [-75.2429, -37.29193, -10.13739],
						"0.9167": [-78.52392, -38.91807, -10.57943],
						"0.9583": [-81.44542, -40.36603, -10.97304],
						"1.0": [-83.2643, -41.2675, -11.2181]
					},
					"position": {
						"0.0": [0, 0, 0],
						"0.0417": [0, 0.22227, 0],
						"0.0833": [0, 0.57928, 0],
						"0.125": [0, 0.98022, 0],
						"0.1667": [0, 1.40465, 0],
						"0.2083": [0, 1.84395, 0],
						"0.625": [0, 6.497, 0],
						"0.7917": [0, 8.33105, 0],
						"0.8333": [0, 8.77035, 0],
						"0.875": [0, 9.19478, 0],
						"0.9167": [0, 9.59572, 0],
						"0.9583": [0, 9.95273, 0],
						"1.0": [0, 10.175, 0]
					}
				},
				"LeftTyre2": {
					"rotation": {
						"0.0": [0, 0, 0],
						"0.0417": [-1.81888, 0.90147, 0.24506],
						"0.0833": [-4.74038, 2.34943, 0.63867],
						"0.125": [-8.0214, 3.97557, 1.08071],
						"0.1667": [-11.49459, 5.69695, 1.54865],
						"0.625": [-53.16639, 26.35036, 7.16304],
						"0.7917": [-68.17482, 33.78885, 9.18511],
						"0.8333": [-71.76971, 35.57055, 9.66945],
						"0.875": [-75.2429, 37.29193, 10.13739],
						"0.9167": [-78.52392, 38.91807, 10.57943],
						"0.9583": [-81.44542, 40.36603, 10.97304],
						"1.0": [-83.2643, 41.2675, 11.2181]
					},
					"position": {
						"0.0": [0, 0, 0],
						"0.0417": [0, 0.22227, 0],
						"0.0833": [0, 0.57928, 0],
						"0.125": [0, 0.98022, 0],
						"0.1667": [0, 1.40465, 0],
						"0.2083": [0, 1.84395, 0],
						"0.625": [0, 6.497, 0],
						"0.7917": [0, 8.33105, 0],
						"0.8333": [0, 8.77035, 0],
						"0.875": [0, 9.19478, 0],
						"0.9167": [0, 9.59572, 0],
						"0.9583": [0, 9.95273, 0],
						"1.0": [0, 10.175, 0]
					}
				},
				"Tyre": {
					"rotation": {
						"0.0": [0, 0, 0],
						"0.0417": [2.45752, 0, 0],
						"0.0833": [6.40481, 0, 0],
						"0.125": [10.83787, 0, 0],
						"0.1667": [15.53056, 0, 0],
						"0.2083": [20.38768, 0, 0],
						"0.625": [71.83413, 0, 0],
						"0.7917": [92.11232, 0, 0],
						"0.8333": [96.96944, 0, 0],
						"0.875": [101.66213, 0, 0],
						"0.9167": [106.09519, 0, 0],
						"0.9583": [110.04248, 0, 0],
						"1.0": [112.5, 0, 0]
					}
				},
				"RightTyreHatch": {
					"rotation": {
						"1.0": [0, 0, 0],
						"1.0417": [0, 0, -2.94903],
						"1.0833": [0, 0, -7.68578],
						"1.125": [0, 0, -13.00544],
						"1.1667": [0, 0, -18.63667],
						"1.2083": [0, 0, -24.46522],
						"1.625": [0, 0, -86.20096],
						"1.7917": [0, 0, -110.53478],
						"1.8333": [0, 0, -116.36333],
						"1.875": [0, 0, -121.99456],
						"1.9167": [0, 0, -127.31422],
						"1.9583": [0, 0, -132.05097],
						"2.0": [0, 0, -135]
					}
				},
				"LeftTyreHatch": {
					"rotation": {
						"1.0": [0, 0, 0],
						"1.0417": [0, 0, 2.94903],
						"1.0833": [0, 0, 7.68578],
						"1.125": [0, 0, 13.00544],
						"1.1667": [0, 0, 18.63667],
						"1.2083": [0, 0, 24.46522],
						"1.625": [0, 0, 86.20096],
						"1.7917": [0, 0, 110.53478],
						"1.8333": [0, 0, 116.36333],
						"1.875": [0, 0, 121.99456],
						"1.9167": [0, 0, 127.31422],
						"1.9583": [0, 0, 132.05097],
						"2.0": [0, 0, 135]
					}
				}
			}
		}
	}
}