{
	"format_version": "1.8.0",
	"animations": {
		"shoot": {
			"animation_length": 0.5,
			"bones": {
				"1a": {
					"position": {
						"0.0": [0, 0, 0],
						"0.0833": [0, 0, 21.325],
						"0.125": [0, 0, 20.43971],
						"0.1667": [0, 0, 18.53102],
						"0.2083": [0, 0, 16.12178],
						"0.25": [0, 0, 13.44999],
						"0.3333": [0, 0, 7.87501],
						"0.375": [0, 0, 5.20322],
						"0.4167": [0, 0, 2.79398],
						"0.4583": [0, 0, 0.88529],
						"0.5": [0, 0, 0]
					}
				}
			}
		}
	}
}