{
	"format_version": "1.8.0",
	"animations": {
		"door_1": {
			"animation_length": 0.5,
			"bones": {
				"door": {
					"rotation": {
						"0.0": [0, 0, 0],
						"0.0417": [0, 2.1843, 0],
						"0.0833": [0, 6.53835, 0],
						"0.125": [0, 11.84594, 0],
						"0.1667": [0, 17.66738, 0],
						"0.2083": [0, 23.77031, 0],
						"0.2917": [0, 36.22969, 0],
						"0.3333": [0, 42.33262, 0],
						"0.375": [0, 48.15406, 0],
						"0.4167": [0, 53.46165, 0],
						"0.4583": [0, 57.8157, 0],
						"0.5": [0, 60, 0]
					}
				}
			}
		},
		"door_2": {
			"animation_length": 0.5,
			"bones": {
				"door2": {
					"rotation": {
						"0.0": [0, 0, 0],
						"0.0417": [0, -2.1843, 0],
						"0.0833": [0, -6.53835, 0],
						"0.125": [0, -11.84594, 0],
						"0.1667": [0, -17.66738, 0],
						"0.2083": [0, -23.77031, 0],
						"0.2917": [0, -36.22969, 0],
						"0.3333": [0, -42.33262, 0],
						"0.375": [0, -48.15406, 0],
						"0.4167": [0, -53.46165, 0],
						"0.4583": [0, -57.8157, 0],
						"0.5": [0, -60, 0]
					}
				}
			}
		},
		"door_3": {
			"animation_length": 1,
			"bones": {
				"zaddoor2": {
					"position": {
						"0.0": [0, 0, 0],
						"0.0417": [-0.10284, 0, 0],
						"0.0833": [-0.30785, 0, 0],
						"0.125": [-0.55775, 0, 0],
						"0.1667": [-0.83184, 0, 0],
						"0.3333": [-1.99316, 0, 0],
						"0.375": [-2.26725, 0, 0],
						"0.4167": [-2.51715, 0, 0],
						"0.4583": [-2.72216, 0, 0],
						"0.5": [-2.825, 0, 0],
						"0.5417": [-2.825, 0, 1.24596],
						"0.5833": [-2.825, 0, 3.72958],
						"0.625": [-2.825, 0, 6.75712],
						"0.6667": [-2.825, 0, 10.07777],
						"0.7083": [-2.825, 0, 13.55898],
						"0.7917": [-2.825, 0, 20.66602],
						"0.8333": [-2.825, 0, 24.14723],
						"0.875": [-2.825, 0, 27.46788],
						"0.9167": [-2.825, 0, 30.49542],
						"0.9583": [-2.825, 0, 32.97904],
						"1.0": [-2.825, 0, 34.225]
					}
				}
			}
		}
	}
}