{
	"format_version": "1.8.0",
	"animations": {
		"landing_gear": {
			"animation_length": 2,
			"bones": {
				"gearF": {
					"rotation": {
						"0.0": [0, 0, 0],
						"0.0417": [1.01986, 0, 0],
						"0.0833": [2.44444, 0, 0],
						"0.625": [24.2515, 0, 0],
						"1.1667": [47.01412, 0, 0],
						"1.7083": [69.48274, 0, 0],
						"1.9167": [77.55556, 0, 0],
						"1.9583": [78.98014, 0, 0],
						"2.0": [80, 0, 0]
					}
				},
				"gearR": {
					"rotation": {
						"0.0": [0, 0, 0],
						"0.0417": [0, 0, -1.17922],
						"0.0833": [0, 0, -2.82638],
						"0.625": [0, 0, -28.0408],
						"1.1667": [0, 0, -54.36008],
						"1.7083": [0, 0, -80.33942],
						"1.9167": [0, 0, -89.67362],
						"1.9583": [0, 0, -91.32078],
						"2.0": [0, 0, -92.5]
					}
				},
				"gearL": {
					"rotation": {
						"0.0": [0, 0, 0],
						"0.0417": [0, 0, 1.17922],
						"0.0833": [0, 0, 2.82638],
						"0.625": [0, 0, 28.0408],
						"1.1667": [0, 0, 54.36008],
						"1.7083": [0, 0, 80.33942],
						"1.9167": [0, 0, 89.67362],
						"1.9583": [0, 0, 91.32078],
						"2.0": [0, 0, 92.5]
					}
				}
			}
		}
	}
}