{
	"format_version": "1.8.0",
	"animations": {
		"landing_gear": {
			"animation_length": 2,
			"bones": {
				"FGear": {
					"rotation": {
						"0.0": [0, 0, 0],
						"0.0417": [1.11548, 0, 0],
						"0.0833": [2.67361, 0, 0],
						"0.625": [26.52508, 0, 0],
						"1.1667": [51.42169, 0, 0],
						"1.7083": [75.99675, 0, 0],
						"1.9167": [84.82639, 0, 0],
						"1.9583": [86.38452, 0, 0],
						"2.0": [87.5, 0, 0]
					},
					"position": {
						"0.0": [0, 0, 0],
						"0.0417": [0, 0.06087, 0],
						"0.5833": [0, 1.34376, 0],
						"1.125": [0, 2.70156, 0],
						"1.6667": [0, 4.04659, 0],
						"1.9167": [0, 4.6291, 0],
						"1.9583": [0, 4.71413, 0],
						"2.0": [0, 4.775, 0]
					}
				},
				"LGear": {
					"rotation": {
						"0.0": [0, 0, 0],
						"0.0417": [-0.76456, 0, 0],
						"0.0833": [-1.99261, 0, 0],
						"0.625": [-22.3484, 0, 0],
						"0.8333": [-30.16827, 0, 0],
						"0.9167": [-33.00739, 0, 0],
						"0.9583": [-34.23544, 0, 0],
						"1.0": [-35, 0, 0],
						"1.0417": [-36.05924, 0.13785, 2.50542],
						"1.0833": [-37.89724, 0.37705, 6.85287],
						"1.125": [-40.01754, 0.65298, 11.86803],
						"1.1667": [-42.29057, 0.94879, 17.24443],
						"1.2083": [-44.65804, 1.2569, 22.84423],
						"1.4583": [-59.55386, 3.19544, 58.0774],
						"1.5417": [-64.45216, 3.8329, 69.66337],
						"1.5833": [-66.81963, 4.14101, 75.26317],
						"1.625": [-69.09266, 4.43682, 80.63957],
						"1.6667": [-71.21296, 4.71275, 85.65473],
						"1.7083": [-73.05096, 4.95195, 90.00218],
						"1.75": [-74.1102, 5.0898, 92.5076]
					},
					"position": {
						"1.0": [11.075, 0, 0],
						"1.0417": [10.52397, 0, 0],
						"1.0833": [9.6389, 0, 0],
						"1.125": [8.64491, 0, 0],
						"1.1667": [7.5927, 0, 0],
						"1.2083": [6.50363, 0, 0],
						"1.25": [5.38931, 0, 0],
						"1.2917": [4.25699, 0, 0],
						"1.5833": [-3.87047, 0, 0],
						"1.7083": [-7.33199, 0, 0],
						"1.75": [-8.46431, 0, 0],
						"1.7917": [-9.57863, 0, 0],
						"1.8333": [-10.6677, 0, 0],
						"1.875": [-11.71991, 0, 0],
						"1.9167": [-12.7139, 0, 0],
						"1.9583": [-13.59897, 0, 0],
						"2.0": [-14.15, 0, 0]
					},
					"scale": {
						"0.0": [1, 1, 1],
						"0.5417": [0.94805, 0.94805, 0.94805],
						"1.0833": [0.89123, 0.89123, 0.89123],
						"1.625": [0.83476, 0.83476, 0.83476],
						"2.0": [0.8, 0.8, 0.8]
					}
				},
				"RGear": {
					"rotation": {
						"0.0": [0, 0, 0],
						"0.0417": [-0.76456, 0, 0],
						"0.0833": [-1.99261, 0, 0],
						"0.625": [-22.3484, 0, 0],
						"0.8333": [-30.16827, 0, 0],
						"0.9167": [-33.00739, 0, 0],
						"0.9583": [-34.23544, 0, 0],
						"1.0": [-35, 0, 0],
						"1.0417": [-36.05924, -0.13785, -2.50542],
						"1.0833": [-37.89724, -0.37705, -6.85287],
						"1.125": [-40.01754, -0.65298, -11.86803],
						"1.1667": [-42.29057, -0.94879, -17.24443],
						"1.2083": [-44.65804, -1.2569, -22.84423],
						"1.4583": [-59.55386, -3.19544, -58.0774],
						"1.5417": [-64.45216, -3.8329, -69.66337],
						"1.5833": [-66.81963, -4.14101, -75.26317],
						"1.625": [-69.09266, -4.43682, -80.63957],
						"1.6667": [-71.21296, -4.71275, -85.65473],
						"1.7083": [-73.05096, -4.95195, -90.00218],
						"1.75": [-74.1102, -5.0898, -92.5076]
					},
					"position": {
						"1.0": [-11.075, 0, 0],
						"1.0417": [-10.52397, 0, 0],
						"1.0833": [-9.6389, 0, 0],
						"1.125": [-8.64491, 0, 0],
						"1.1667": [-7.5927, 0, 0],
						"1.2083": [-6.50363, 0, 0],
						"1.25": [-5.38931, 0, 0],
						"1.2917": [-4.25699, 0, 0],
						"1.5833": [3.87047, 0, 0],
						"1.7083": [7.33199, 0, 0],
						"1.75": [8.46431, 0, 0],
						"1.7917": [9.57863, 0, 0],
						"1.8333": [10.6677, 0, 0],
						"1.875": [11.71991, 0, 0],
						"1.9167": [12.7139, 0, 0],
						"1.9583": [13.59897, 0, 0],
						"2.0": [14.15, 0, 0]
					},
					"scale": {
						"0.0": [1, 1, 1],
						"0.5417": [0.94805, 0.94805, 0.94805],
						"1.0833": [0.89123, 0.89123, 0.89123],
						"1.625": [0.83476, 0.83476, 0.83476],
						"2.0": [0.8, 0.8, 0.8]
					}
				}
			}
		}
	}
}