{
	"format_version": "1.8.0",
	"animations": {
		"door_1": {
			"animation_length": 0.5,
			"bones": {
				"DOOR": {
					"rotation": {
						"0.0": [0, 0, 0],
						"0.0417": [0, 2.1843, 0],
						"0.0833": [0, 6.53835, 0],
						"0.125": [0, 11.84594, 0],
						"0.1667": [0, 17.66738, 0],
						"0.2083": [0, 23.77031, 0],
						"0.2917": [0, 36.22969, 0],
						"0.3333": [0, 42.33262, 0],
						"0.375": [0, 48.15406, 0],
						"0.4167": [0, 53.46165, 0],
						"0.4583": [0, 57.8157, 0],
						"0.5": [0, 60, 0]
					}
				}
			}
		},
		"door_2": {
			"animation_length": 0.5,
			"bones": {
				"DOOR2": {
					"rotation": {
						"0.0": [0, 0, 0],
						"0.0417": [0, -2.1843, 0],
						"0.0833": [0, -6.53835, 0],
						"0.125": [0, -11.84594, 0],
						"0.1667": [0, -17.66738, 0],
						"0.2083": [0, -23.77031, 0],
						"0.2917": [0, -36.22969, 0],
						"0.3333": [0, -42.33262, 0],
						"0.375": [0, -48.15406, 0],
						"0.4167": [0, -53.46165, 0],
						"0.4583": [0, -57.8157, 0],
						"0.5": [0, -60, 0]
					}
				}
			}
		}
	}
}