{
	"format_version": "1.8.0",
	"animations": {
		"landing_gear": {
			"animation_length": 2,
			"bones": {
				"Front_Gear": {
					"rotation": {
						"0.0": [0, 0, 0],
						"0.0417": [-0.7649, 0, 0],
						"0.5833": [-16.88495, 0, 0],
						"1.125": [-33.94629, 0, 0],
						"1.6667": [-50.84725, 0, 0],
						"1.9167": [-58.16667, 0, 0],
						"1.9583": [-59.2351, 0, 0],
						"2.0": [-60, 0, 0]
					}
				},
				"back_left_gear": {
					"rotation": {
						"0.0": [0, 0, 0],
						"0.0417": [1.14735, -0.63742, 0],
						"0.0833": [2.74999, -1.52777, 0],
						"0.625": [27.28294, -15.15719, 0],
						"1.1667": [52.89088, -29.38382, 0],
						"1.7083": [78.16808, -43.42671, 0],
						"1.9167": [87.25001, -48.47223, 0],
						"1.9583": [88.85265, -49.36258, 0],
						"2.0": [90, -50, 0]
					}
				},
				"back_right_gear": {
					"rotation": {
						"0.0": [0, 0, 0],
						"0.0417": [1.14735, 0.63742, 0],
						"0.0833": [2.74999, 1.52777, 0],
						"0.625": [27.28294, 15.15719, 0],
						"1.1667": [52.89088, 29.38382, 0],
						"1.7083": [78.16808, 43.42671, 0],
						"1.9167": [87.25001, 48.47223, 0],
						"1.9583": [88.85265, 49.36258, 0],
						"2.0": [90, 50, 0]
					}
				}
			}
		}
	}
}