{
	"format_version": "1.8.0",
	"animations": {
		"landing_gear": {
			"animation_length": 2,
			"bones": {
				"Tyre": {
					"rotation": {
						"0.0": [0, 0, 0],
						"0.0417": [-2.23908, 0, 0],
						"0.0833": [-5.8355, 0, 0],
						"0.125": [-9.8745, 0, 0],
						"0.1667": [-14.15006, 0, 0],
						"0.2083": [-18.57544, 0, 0],
						"0.625": [-65.44888, 0, 0],
						"0.7917": [-83.92456, 0, 0],
						"0.8333": [-88.34994, 0, 0],
						"0.875": [-92.6255, 0, 0],
						"0.9167": [-96.6645, 0, 0],
						"0.9583": [-100.26092, 0, 0],
						"1.0": [-102.5, 0, 0]
					}
				},
				"LeftTyre": {
					"rotation": {
						"0.0": [0, 0, 0],
						"0.0417": [-1.80218, 0, 0],
						"0.0833": [-4.69686, 0, 0],
						"0.125": [-7.94777, 0, 0],
						"0.1667": [-11.38907, 0, 0],
						"0.625": [-52.67836, 0, 0],
						"0.7917": [-67.54903, 0, 0],
						"0.8333": [-71.11093, 0, 0],
						"0.875": [-74.55223, 0, 0],
						"0.9167": [-77.80314, 0, 0],
						"0.9583": [-80.69782, 0, 0],
						"1.0": [-82.5, 0, 0]
					},
					"position": {
						"1.0": [0, 0, 0],
						"1.0417": [-0.31672, 0, 0],
						"1.0833": [-0.94806, 0, 0],
						"1.125": [-1.71766, 0, 0],
						"1.1667": [-2.56177, 0, 0],
						"1.2083": [-3.44669, 0, 0],
						"1.2917": [-5.25331, 0, 0],
						"1.3333": [-6.13823, 0, 0],
						"1.375": [-6.98234, 0, 0],
						"1.4167": [-7.75194, 0, 0],
						"1.4583": [-8.38328, 0, 0],
						"1.5": [-8.7, 0, 0]
					}
				},
				"RightTyre": {
					"rotation": {
						"0.0": [0, 0, 0],
						"0.0417": [-1.80218, 0, 0],
						"0.0833": [-4.69686, 0, 0],
						"0.125": [-7.94777, 0, 0],
						"0.1667": [-11.38907, 0, 0],
						"0.625": [-52.67836, 0, 0],
						"0.7917": [-67.54903, 0, 0],
						"0.8333": [-71.11093, 0, 0],
						"0.875": [-74.55223, 0, 0],
						"0.9167": [-77.80314, 0, 0],
						"0.9583": [-80.69782, 0, 0],
						"1.0": [-82.5, 0, 0]
					},
					"position": {
						"1.0": [0, 0, 0],
						"1.0417": [0.31672, 0, 0],
						"1.0833": [0.94806, 0, 0],
						"1.125": [1.71766, 0, 0],
						"1.1667": [2.56177, 0, 0],
						"1.2083": [3.44669, 0, 0],
						"1.2917": [5.25331, 0, 0],
						"1.3333": [6.13823, 0, 0],
						"1.375": [6.98234, 0, 0],
						"1.4167": [7.75194, 0, 0],
						"1.4583": [8.38328, 0, 0],
						"1.5": [8.7, 0, 0]
					}
				},
				"ForwardTyreHatch": {
					"rotation": {
						"1.0": [0, 0, 0],
						"1.0417": [0.10922, 0.10922, -2.02063],
						"1.0833": [0.28466, 0.28466, -5.26618],
						"1.125": [0.48168, 0.48168, -8.91113],
						"1.1667": [0.69025, 0.69025, -12.76957],
						"1.625": [3.19263, 3.19263, -59.06362],
						"1.7917": [4.09388, 4.09388, -75.7368],
						"1.8333": [4.30975, 4.30975, -79.73043],
						"1.875": [4.51832, 4.51832, -83.58887],
						"1.9167": [4.71534, 4.71534, -87.23382],
						"1.9583": [4.89078, 4.89078, -90.47937],
						"2.0": [5, 5, -92.5]
					}
				},
				"LeftTyreHatch": {
					"rotation": {
						"1.0": [0, 0, 0],
						"1.0417": [0, 0, 1.47997],
						"1.0833": [0, 0, 3.85712],
						"1.125": [0, 0, 6.5268],
						"1.6667": [0, 0, 46.36174],
						"1.8333": [0, 0, 58.39715],
						"1.875": [0, 0, 61.2232],
						"1.9167": [0, 0, 63.89288],
						"1.9583": [0, 0, 66.27003],
						"2.0": [0, 0, 67.75]
					}
				},
				"LeftTyreHatch2": {
					"rotation": {
						"1.0": [0, 0, 0],
						"1.0417": [0, 0, 1.9551],
						"1.0833": [0, 0, 5.09539],
						"1.125": [0, 0, 8.62212],
						"1.1667": [0, 0, 12.35542],
						"1.625": [0, 0, 57.14804],
						"1.7917": [0, 0, 73.28047],
						"1.8333": [0, 0, 77.14458],
						"1.875": [0, 0, 80.87788],
						"1.9167": [0, 0, 84.40461],
						"1.9583": [0, 0, 87.5449],
						"2.0": [0, 0, 89.5]
					}
				},
				"RightTyreHatch": {
					"rotation": {
						"1.0": [0, 0, 0],
						"1.0417": [0, 0, -1.47997],
						"1.0833": [0, 0, -3.85712],
						"1.125": [0, 0, -6.5268],
						"1.6667": [0, 0, -46.36174],
						"1.8333": [0, 0, -58.39715],
						"1.875": [0, 0, -61.2232],
						"1.9167": [0, 0, -63.89288],
						"1.9583": [0, 0, -66.27003],
						"2.0": [0, 0, -67.75]
					}
				},
				"RightTyreHatch2": {
					"rotation": {
						"1.0": [0, 0, 0],
						"1.0417": [0, 0, -1.9551],
						"1.0833": [0, 0, -5.09539],
						"1.125": [0, 0, -8.62212],
						"1.1667": [0, 0, -12.35542],
						"1.625": [0, 0, -57.14804],
						"1.7917": [0, 0, -73.28047],
						"1.8333": [0, 0, -77.14458],
						"1.875": [0, 0, -80.87788],
						"1.9167": [0, 0, -84.40461],
						"1.9583": [0, 0, -87.5449],
						"2.0": [0, 0, -89.5]
					}
				}
			}
		}
	}
}