{
	"format_version": "1.8.0",
	"animations": {
		"landing_gear": {
			"animation_length": 2,
			"bones": {
				"FLGearHatch": {
					"rotation": {
						"1.0": [0, 0, 0],
						"1.0417": [0, 0, 1.96602],
						"1.0833": [0, 0, 5.12385],
						"1.125": [0, 0, 8.67029],
						"1.1667": [0, 0, 12.42444],
						"1.625": [0, 0, 57.46731],
						"1.7917": [0, 0, 73.68985],
						"1.8333": [0, 0, 77.57556],
						"1.875": [0, 0, 81.32971],
						"1.9167": [0, 0, 84.87615],
						"1.9583": [0, 0, 88.03398],
						"2.0": [0, 0, 90]
					},
					"position": {
						"1.0": [0, 0, 0],
						"1.5417": [0, 0.15023, 0],
						"1.9583": [0, 0.26899, 0],
						"2.0": [0, 0.275, 0]
					}
				},
				"LGearHatch": {
					"rotation": {
						"1.0": [0, 0, 0],
						"1.0417": [0, 0, -1.30522],
						"1.0833": [0, 0, -3.40167],
						"1.125": [0, 0, -5.75611],
						"1.6667": [0, 0, -40.88729],
						"1.8333": [0, 0, -51.50155],
						"1.875": [0, 0, -53.99389],
						"1.9167": [0, 0, -56.34833],
						"1.9583": [0, 0, -58.44478],
						"2.0": [0, 0, -59.75]
					},
					"position": {
						"1.0": [0, 0, 0],
						"1.5417": [0, 0.39606, 0],
						"1.9167": [0, 0.68372, 0],
						"2.0": [0, 0.725, 0]
					}
				},
				"RGearHatch": {
					"rotation": {
						"1.0": [0, 0, 0],
						"1.0417": [0, 0, 1.30522],
						"1.0833": [0, 0, 3.40167],
						"1.125": [0, 0, 5.75611],
						"1.6667": [0, 0, 40.88729],
						"1.8333": [0, 0, 51.50155],
						"1.875": [0, 0, 53.99389],
						"1.9167": [0, 0, 56.34833],
						"1.9583": [0, 0, 58.44478],
						"2.0": [0, 0, 59.75]
					},
					"position": {
						"1.0": [0, 0, 0],
						"1.5417": [0, 0.39606, 0],
						"1.9167": [0, 0.68372, 0],
						"2.0": [0, 0.725, 0]
					}
				},
				"FGear": {
					"rotation": {
						"0.0": [0, 0, 0],
						"0.0417": [1.96602, 0, 0],
						"0.0833": [5.12385, 0, 0],
						"0.125": [8.67029, 0, 0],
						"0.1667": [12.42444, 0, 0],
						"0.625": [57.46731, 0, 0],
						"0.7917": [73.68985, 0, 0],
						"0.8333": [77.57556, 0, 0],
						"0.875": [81.32971, 0, 0],
						"0.9167": [84.87615, 0, 0],
						"0.9583": [88.03398, 0, 0],
						"1.0": [90, 0, 0]
					}
				},
				"LGear": {
					"position": {
						"0.0": [0, 0, 0],
						"0.0417": [-0.11741, 0.41996, 0],
						"0.0833": [-0.30601, 1.09451, 0],
						"0.125": [-0.51781, 1.85207, 0],
						"0.1667": [-0.74202, 2.654, 0],
						"0.2083": [-0.97408, 3.48403, 0],
						"0.25": [-1.21152, 4.3333, 0],
						"0.5833": [-3.18461, 11.39055, 0],
						"0.75": [-4.16348, 14.8917, 0],
						"0.7917": [-4.40092, 15.74097, 0],
						"0.8333": [-4.63298, 16.571, 0],
						"0.875": [-4.85719, 17.37293, 0],
						"0.9167": [-5.06899, 18.13049, 0],
						"0.9583": [-5.25759, 18.80504, 0],
						"1.0": [-5.375, 19.225, 0]
					}
				},
				"Rgear": {
					"position": {
						"0.0": [0, 0, 0],
						"0.0417": [0.11741, 0.41996, 0],
						"0.0833": [0.30601, 1.09451, 0],
						"0.125": [0.51781, 1.85207, 0],
						"0.1667": [0.74202, 2.654, 0],
						"0.2083": [0.97408, 3.48403, 0],
						"0.25": [1.21152, 4.3333, 0],
						"0.5833": [3.18461, 11.39055, 0],
						"0.75": [4.16348, 14.8917, 0],
						"0.7917": [4.40092, 15.74097, 0],
						"0.8333": [4.63298, 16.571, 0],
						"0.875": [4.85719, 17.37293, 0],
						"0.9167": [5.06899, 18.13049, 0],
						"0.9583": [5.25759, 18.80504, 0],
						"1.0": [5.375, 19.225, 0]
					}
				}
			}
		}
	}
}