{
	"format_version": "1.8.0",
	"animations": {
		"landing_gear": {
			"animation_length": 2,
			"bones": {
				"FGear": {
					"rotation": {
						"0.0": [0, 0, 0],
						"0.0417": [-1.14735, 0, 0],
						"0.0833": [-2.74999, 0, 0],
						"0.625": [-27.28294, 0, 0],
						"1.1667": [-52.89088, 0, 0],
						"1.7083": [-78.16808, 0, 0],
						"1.9167": [-87.25001, 0, 0],
						"1.9583": [-88.85265, 0, 0],
						"2.0": [-90, 0, 0]
					}
				},
				"RGear": {
					"rotation": {
						"0.0": [0, 0, 0],
						"0.0417": [-0.98799, 0, 0],
						"0.0833": [-2.36805, 0, 0],
						"0.625": [-23.49364, 0, 0],
						"1.1667": [-45.54493, 0, 0],
						"1.7083": [-67.3114, 0, 0],
						"1.9167": [-75.13195, 0, 0],
						"1.9583": [-76.51201, 0, 0],
						"2.0": [-77.5, 0, 0]
					},
					"position": {
						"1.5": [0, 0, 0],
						"1.5417": [0.69169, 0, 0],
						"1.5833": [2.07048, 0, 0],
						"1.625": [3.75121, 0, 0],
						"1.6667": [5.59467, 0, 0],
						"1.7083": [7.52726, 0, 0],
						"1.7917": [11.47274, 0, 0],
						"1.8333": [13.40533, 0, 0],
						"1.875": [15.24879, 0, 0],
						"1.9167": [16.92952, 0, 0],
						"1.9583": [18.30831, 0, 0],
						"2.0": [19, 0, 0]
					}
				},
				"LGear": {
					"rotation": {
						"0.0": [0, 0, 0],
						"0.0417": [-0.98799, 0, 0],
						"0.0833": [-2.36805, 0, 0],
						"0.625": [-23.49364, 0, 0],
						"1.1667": [-45.54493, 0, 0],
						"1.7083": [-67.3114, 0, 0],
						"1.9167": [-75.13195, 0, 0],
						"1.9583": [-76.51201, 0, 0],
						"2.0": [-77.5, 0, 0]
					},
					"position": {
						"1.5": [0, 0, 0],
						"1.5417": [-0.69169, 0, 0],
						"1.5833": [-2.07048, 0, 0],
						"1.625": [-3.75121, 0, 0],
						"1.6667": [-5.59467, 0, 0],
						"1.7083": [-7.52726, 0, 0],
						"1.7917": [-11.47274, 0, 0],
						"1.8333": [-13.40533, 0, 0],
						"1.875": [-15.24879, 0, 0],
						"1.9167": [-16.92952, 0, 0],
						"1.9583": [-18.30831, 0, 0],
						"2.0": [-19, 0, 0]
					}
				}
			}
		}
	}
}