{
	"format_version": "1.8.0",
	"animations": {
		"landing_gear": {
			"animation_length": 2,
			"bones": {
				"RGear": {
					"rotation": {
						"0.0": [0, 0, 0],
						"0.0417": [-1.2396, 0, 0],
						"0.0833": [-3.0636, 0, 0],
						"0.625": [-31.83509, 0, 0],
						"1.1667": [-61.61378, 0, 0],
						"1.375": [-72.44483, 0, 0],
						"1.4167": [-74.4364, 0, 0],
						"1.4583": [-76.2604, 0, 0],
						"1.5": [-77.5, 0, 0]
					},
					"position": {
						"1.5": [0, 0, 0],
						"1.5417": [-0.60796, 0, 0.44323],
						"1.5833": [-1.81984, 0, 1.32674],
						"1.625": [-3.29712, 0, 2.40374],
						"1.6667": [-4.91742, 0, 3.58501],
						"1.7083": [-6.61607, 0, 4.82339],
						"1.7917": [-10.08393, 0, 7.35161],
						"1.8333": [-11.78258, 0, 8.58999],
						"1.875": [-13.40288, 0, 9.77126],
						"1.9167": [-14.88016, 0, 10.84826],
						"1.9583": [-16.09204, 0, 11.73177],
						"2.0": [-16.7, 0, 12.175]
					}
				},
				"LGear": {
					"rotation": {
						"0.0": [0, 0, 0],
						"0.0417": [-1.2396, 0, 0],
						"0.0833": [-3.0636, 0, 0],
						"0.625": [-31.83509, 0, 0],
						"1.1667": [-61.61378, 0, 0],
						"1.375": [-72.44483, 0, 0],
						"1.4167": [-74.4364, 0, 0],
						"1.4583": [-76.2604, 0, 0],
						"1.5": [-77.5, 0, 0]
					},
					"position": {
						"1.5": [0, 0, 0],
						"1.5417": [0.60796, 0, 0.44323],
						"1.5833": [1.81984, 0, 1.32674],
						"1.625": [3.29712, 0, 2.40374],
						"1.6667": [4.91742, 0, 3.58501],
						"1.7083": [6.61607, 0, 4.82339],
						"1.7917": [10.08393, 0, 7.35161],
						"1.8333": [11.78258, 0, 8.58999],
						"1.875": [13.40288, 0, 9.77126],
						"1.9167": [14.88016, 0, 10.84826],
						"1.9583": [16.09204, 0, 11.73177],
						"2.0": [16.7, 0, 12.175]
					}
				},
				"FGear": {
					"rotation": {
						"0.0": [0, 0, 0],
						"0.0417": [1.21109, 0, 0],
						"0.0833": [2.90277, 0, 0],
						"0.625": [28.79866, 0, 0],
						"1.1667": [55.82927, 0, 0],
						"1.7083": [82.51075, 0, 0],
						"1.875": [90.277, 0, 0],
						"1.9167": [92.09723, 0, 0],
						"1.9583": [93.78891, 0, 0],
						"2.0": [95, 0, 0]
					}
				},
				"bone4": {
					"rotation": {
						"0.0": [0, 0, 0],
						"0.0417": [1.2396, 0, 0],
						"0.0833": [3.0636, 0, 0],
						"0.625": [31.83509, 0, 0],
						"1.1667": [61.61378, 0, 0],
						"1.375": [72.44483, 0, 0],
						"1.4167": [74.4364, 0, 0],
						"1.4583": [76.2604, 0, 0],
						"1.5": [77.5, 0, 0]
					}
				},
				"bone5": {
					"rotation": {
						"0.0": [0, 0, 0],
						"0.0417": [1.2396, 0, 0],
						"0.0833": [3.0636, 0, 0],
						"0.625": [31.83509, 0, 0],
						"1.1667": [61.61378, 0, 0],
						"1.375": [72.44483, 0, 0],
						"1.4167": [74.4364, 0, 0],
						"1.4583": [76.2604, 0, 0],
						"1.5": [77.5, 0, 0]
					}
				}
			}
		}
	}
}