{
	"format_version": "1.8.0",
	"animations": {
		"landing_gear": {
			"animation_length": 2,
			"bones": {
				"LGear": {
					"rotation": {
						"0.0": [0, 0, 0],
						"0.0417": [-0.86051, 0, 0],
						"0.5833": [-18.99557, 0, 0],
						"1.125": [-38.18957, 0, 0],
						"1.6667": [-57.20316, 0, 0],
						"1.9167": [-65.4375, 0, 0],
						"1.9583": [-66.63949, 0, 0],
						"2.0": [-67.5, 0, 0]
					},
					"position": {
						"1.5": [0, 0, 0],
						"1.5417": [-0.70899, 0.04733, 0],
						"1.5833": [-2.12224, 0.14166, 0],
						"1.625": [-3.84499, 0.25666, 0],
						"1.6667": [-5.73454, 0.38279, 0],
						"1.7083": [-7.71545, 0.51502, 0],
						"1.7917": [-11.75955, 0.78498, 0],
						"1.8333": [-13.74046, 0.91721, 0],
						"1.875": [-15.63001, 1.04334, 0],
						"1.9167": [-17.35276, 1.15834, 0],
						"1.9583": [-18.76601, 1.25267, 0],
						"2.0": [-19.475, 1.3, 0]
					}
				},
				"RGear": {
					"rotation": {
						"0.0": [0, 0, 0],
						"0.0417": [-0.86051, 0, 0],
						"0.5833": [-18.99557, 0, 0],
						"1.125": [-38.18957, 0, 0],
						"1.6667": [-57.20316, 0, 0],
						"1.9167": [-65.4375, 0, 0],
						"1.9583": [-66.63949, 0, 0],
						"2.0": [-67.5, 0, 0]
					},
					"position": {
						"1.5": [0, 0, 0],
						"1.5417": [0.70899, 0.04733, 0],
						"1.5833": [2.12224, 0.14166, 0],
						"1.625": [3.84499, 0.25666, 0],
						"1.6667": [5.73454, 0.38279, 0],
						"1.7083": [7.71545, 0.51502, 0],
						"1.7917": [11.75955, 0.78498, 0],
						"1.8333": [13.74046, 0.91721, 0],
						"1.875": [15.63001, 1.04334, 0],
						"1.9167": [17.35276, 1.15834, 0],
						"1.9583": [18.76601, 1.25267, 0],
						"2.0": [19.475, 1.3, 0]
					}
				},
				"FGear": {
					"rotation": {
						"0.0": [0, 0, 0],
						"0.0417": [1.14735, 0, 0],
						"0.0833": [2.74999, 0, 0],
						"0.625": [27.28294, 0, 0],
						"1.1667": [52.89088, 0, 0],
						"1.7083": [78.16808, 0, 0],
						"1.9167": [87.25001, 0, 0],
						"1.9583": [88.85265, 0, 0],
						"2.0": [90, 0, 0]
					}
				}
			}
		}
	}
}