{
	"format_version": "1.8.0",
	"animations": {
		"landing_gear": {
			"animation_length": 2,
			"bones": {
				"Tyre": {
					"rotation": {
						"0.0": [0, 0, 0],
						"1.0": [-90, 0, 0]
					}
				},
				"RightTyre": {
					"rotation": {
						"0.0": [0, 0, 0],
						"1.0": [0, 0, 90]
					}
				},
				"LeftTyre": {
					"rotation": {
						"0.0": [0, 0, 0],
						"1.0": [0, 0, -90]
					}
				},
				"RightForwardTyreHatch": {
					"rotation": [0, 0, 0]
				},
				"LeftForwardTyreHatch": {
					"rotation": [0, 0, 0]
				},
				"LeftTyreHatch": {
					"rotation": {
						"1.0": [0, 0, 0],
						"2.0": [0, 0, -90]
					},
					"position": {
						"0.0": [0, 0, 0],
						"0.5417": [0.14286, 0, 0],
						"1.0833": [0.29912, 0, 0],
						"1.625": [0.45442, 0, 0],
						"2.0": [0.55, 0, 0]
					}
				},
				"RightTyreHatch": {
					"rotation": {
						"1.0": [0, 0, 0],
						"2.0": [0, 0, 90]
					},
					"position": {
						"0.0": [0, 0, 0],
						"2.0": [-0.325, 0, 0]
					}
				},
				"LeftForwardTyreHatch2": {
					"rotation": {
						"1.0": [0, 0, 0],
						"2.0": [0, 0, -90]
					},
					"position": {
						"1.0": [0, 0, 0],
						"2.0": [0, 1.525, 0]
					}
				},
				"RightForwardTyreHatch2": {
					"rotation": {
						"1.0": [0, 0, 0],
						"2.0": [0, 0, 90]
					},
					"position": {
						"1.0": [0, 0, 0],
						"2.0": [0, 2.45, 0]
					}
				}
			}
		},
		"highspeed_on": {
			"animation_length": 2,
			"bones": {
				"LeftPropeller": {
					"rotation": {
						"0.0": [0, 0, 0],
						"2.0": [-90, 0, 0]
					}
				},
				"RightPropeller": {
					"rotation": {
						"0.0": [0, 0, 0],
						"0.0417": [-1.14735, 0, 0],
						"0.0833": [-2.74999, 0, 0],
						"0.625": [-27.28294, 0, 0],
						"1.1667": [-52.89088, 0, 0],
						"1.7083": [-78.16808, 0, 0],
						"1.9167": [-87.25001, 0, 0],
						"1.9583": [-88.85265, 0, 0],
						"2.0": [-90, 0, 0]
					}
				}
			}
		},
		"highspeed_off": {
			"animation_length": 2,
			"bones": {
				"LeftPropeller": {
					"rotation": {
						"0.0": [-90, 0, 0],
						"2.0": [0, 0, 0]
					}
				},
				"RightPropeller": {
					"rotation": {
						"0.0": [-90, 0, 0],
						"0.0417": [-88.85265, 0, 0],
						"0.0833": [-87.25001, 0, 0],
						"0.625": [-62.71706, 0, 0],
						"1.1667": [-37.10912, 0, 0],
						"1.7083": [-11.83192, 0, 0],
						"1.9167": [-2.74999, 0, 0],
						"1.9583": [-1.14735, 0, 0],
						"2.0": [0, 0, 0]
					}
				}
			}
		}
	}
}