{
	"format_version": "1.8.0",
	"animations": {
		"landing_gear": {
			"animation_length": 2,
			"bones": {
				"gearF": {
					"rotation": {
						"0.0": [0, 0, 0],
						"0.0417": [-1.96602, 0, 0],
						"0.0833": [-5.12385, 0, 0],
						"0.125": [-8.67029, 0, 0],
						"0.1667": [-12.42444, 0, 0],
						"0.625": [-57.46731, 0, 0],
						"0.7917": [-73.68985, 0, 0],
						"0.8333": [-77.57556, 0, 0],
						"0.875": [-81.32971, 0, 0],
						"0.9167": [-84.87615, 0, 0],
						"0.9583": [-88.03398, 0, 0],
						"1.0": [-90, 0, 0]
					}
				},
				"gearL": {
					"rotation": {
						"0.0": [0, 0, 0],
						"0.0417": [-1.96602, 0, 0],
						"0.0833": [-5.12385, 0, 0],
						"0.125": [-8.67029, 0, 0],
						"0.1667": [-12.42444, 0, 0],
						"0.625": [-57.46731, 0, 0],
						"0.7917": [-73.68985, 0, 0],
						"0.8333": [-77.57556, 0, 0],
						"0.875": [-81.32971, 0, 0],
						"0.9167": [-84.87615, 0, 0],
						"0.9583": [-88.03398, 0, 0],
						"1.0": [-90, 0, 0]
					}
				},
				"gearR": {
					"rotation": {
						"0.0": [0, 0, 0],
						"0.0417": [-1.96602, 0, 0],
						"0.0833": [-5.12385, 0, 0],
						"0.125": [-8.67029, 0, 0],
						"0.1667": [-12.42444, 0, 0],
						"0.625": [-57.46731, 0, 0],
						"0.7917": [-73.68985, 0, 0],
						"0.8333": [-77.57556, 0, 0],
						"0.875": [-81.32971, 0, 0],
						"0.9167": [-84.87615, 0, 0],
						"0.9583": [-88.03398, 0, 0],
						"1.0": [-90, 0, 0]
					}
				},
				"F1": {
					"rotation": {
						"1.0": [0, 0, 0],
						"1.0417": [0, 0, -1.96602],
						"1.0833": [0, 0, -5.12385],
						"1.125": [0, 0, -8.67029],
						"1.1667": [0, 0, -12.42444],
						"1.625": [0, 0, -57.46731],
						"1.7917": [0, 0, -73.68985],
						"1.8333": [0, 0, -77.57556],
						"1.875": [0, 0, -81.32971],
						"1.9167": [0, 0, -84.87615],
						"1.9583": [0, 0, -88.03398],
						"2.0": [0, 0, -90]
					}
				},
				"L1": {
					"rotation": {
						"1.0": [0, 0, 0],
						"1.0417": [0, 0, 2.07524],
						"1.0833": [0, 0, 5.40851],
						"1.125": [0, 0, 9.15198],
						"1.1667": [0, 0, 13.11469],
						"1.625": [0, 0, 60.65994],
						"1.7917": [0, 0, 77.78374],
						"1.8333": [0, 0, 81.88531],
						"1.875": [0, 0, 85.84802],
						"1.9167": [0, 0, 89.59149],
						"1.9583": [0, 0, 92.92476],
						"2.0": [0, 0, 95]
					}
				},
				"L2": {
					"rotation": {
						"1.0": [0, 0, 0],
						"1.0417": [0, 0, -2.07524],
						"1.0833": [0, 0, -5.40851],
						"1.125": [0, 0, -9.15198],
						"1.1667": [0, 0, -13.11469],
						"1.625": [0, 0, -60.65994],
						"1.7917": [0, 0, -77.78374],
						"1.8333": [0, 0, -81.88531],
						"1.875": [0, 0, -85.84802],
						"1.9167": [0, 0, -89.59149],
						"1.9583": [0, 0, -92.92476],
						"2.0": [0, 0, -95]
					}
				}
			}
		}
	}
}