{
	"format_version": "1.12.0",
	"minecraft:geometry": [
		{
			"description": {
				"identifier": "geometry.unknown",
				"texture_width": 16,
				"texture_height": 16,
				"visible_bounds_width": 27,
				"visible_bounds_height": 9,
				"visible_bounds_offset": [0, 3.5, 0]
			},
			"bones": [
				{
					"name": "main_structure",
					"pivot": [-0.8, 0, 0],
					"cubes": [
						{
							"origin": [-31.05, 0.25, -202.475],
							"size": [61.475, 72.1, 397.25],
							"uv": [-435, -388],
							"mirror": true
						}
					]
				},
				{
					"name": "vehicle_body",
					"pivot": [-0.8, 20.75247, 46.91916],
					"cubes": [
						{
							"origin": [-18.325, 34.70247, -200.70584],
							"size": [36.075, 21.975, 392.025],
							"uv": {
								"north": {
									"uv": [0, 0],
									"uv_size": [36.075, 30.775]
								},
								"east": {
									"uv": [0, 0],
									"uv_size": [223.075, 30.775]
								},
								"south": {
									"uv": [0, 0],
									"uv_size": [36.075, 30.775]
								},
								"west": {
									"uv": [0, 0],
									"uv_size": [149.85, 30.775]
								},
								"up": {
									"uv": [36.075, 149.85],
									"uv_size": [-36.075, -149.85]
								},
								"down": {
									"uv": [36.075, 223.075],
									"uv_size": [-36.075, -223.075]
								}
							}
						},
						{
							"origin": [-18.325, 54.97747, -14.40584],
							"size": [36.075, 16.475, 149.225],
							"uv": {
								"north": {
									"uv": [0, 0],
									"uv_size": [36.075, 30.775]
								},
								"east": {
									"uv": [0, 0],
									"uv_size": [223.075, 30.775]
								},
								"south": {
									"uv": [0, 0],
									"uv_size": [36.075, 30.775]
								},
								"west": {
									"uv": [0, 0],
									"uv_size": [149.85, 30.775]
								},
								"up": {
									"uv": [36.075, 149.85],
									"uv_size": [-36.075, -149.85]
								},
								"down": {
									"uv": [36.075, 223.075],
									"uv_size": [-36.075, -223.075]
								}
							}
						},
						{
							"origin": [-18.325, 54.97747, -102.13084],
							"size": [36.075, 13, 88.375],
							"uv": {
								"north": {
									"uv": [0, 0],
									"uv_size": [36.075, 30.775]
								},
								"east": {
									"uv": [0, 0],
									"uv_size": [223.075, 30.775]
								},
								"south": {
									"uv": [0, 0],
									"uv_size": [36.075, 30.775]
								},
								"west": {
									"uv": [0, 0],
									"uv_size": [149.85, 30.775]
								},
								"up": {
									"uv": [36.075, 149.85],
									"uv_size": [-36.075, -149.85]
								},
								"down": {
									"uv": [36.075, 223.075],
									"uv_size": [-36.075, -223.075]
								}
							}
						},
						{
							"origin": [-39.5, 27.35247, -152.15584],
							"size": [21, 28.3, 198.325],
							"uv": {
								"north": {
									"uv": [0, 0],
									"uv_size": [36.075, 30.775]
								},
								"east": {
									"uv": [0, 0],
									"uv_size": [223.075, 30.775]
								},
								"south": {
									"uv": [0, 0],
									"uv_size": [36.075, 30.775]
								},
								"west": {
									"uv": [0, 0],
									"uv_size": [149.85, 30.775]
								},
								"up": {
									"uv": [36.075, 149.85],
									"uv_size": [-36.075, -149.85]
								},
								"down": {
									"uv": [36.075, 223.075],
									"uv_size": [-36.075, -223.075]
								}
							}
						},
						{
							"origin": [-139.15, 45.62747, -119.25584],
							"size": [99.975, 6.525, 97.275],
							"uv": {
								"north": {
									"uv": [0, 0],
									"uv_size": [36.075, 30.775]
								},
								"east": {
									"uv": [0, 0],
									"uv_size": [223.075, 30.775]
								},
								"south": {
									"uv": [0, 0],
									"uv_size": [36.075, 30.775]
								},
								"west": {
									"uv": [0, 0],
									"uv_size": [149.85, 30.775]
								},
								"up": {
									"uv": [36.075, 149.85],
									"uv_size": [-36.075, -149.85]
								},
								"down": {
									"uv": [36.075, 223.075],
									"uv_size": [-36.075, -223.075]
								}
							}
						},
						{
							"origin": [17.775, 27.35247, -152.15584],
							"size": [21, 28.3, 198.325],
							"uv": {
								"north": {
									"uv": [0, 0],
									"uv_size": [36.075, 30.775]
								},
								"east": {
									"uv": [0, 0],
									"uv_size": [223.075, 30.775]
								},
								"south": {
									"uv": [0, 0],
									"uv_size": [36.075, 30.775]
								},
								"west": {
									"uv": [0, 0],
									"uv_size": [149.85, 30.775]
								},
								"up": {
									"uv": [36.075, 149.85],
									"uv_size": [-36.075, -149.85]
								},
								"down": {
									"uv": [36.075, 223.075],
									"uv_size": [-36.075, -223.075]
								}
							}
						},
						{
							"origin": [39.2, 45.62747, -119.25584],
							"size": [99.975, 6.525, 97.275],
							"uv": {
								"north": {
									"uv": [0, 0],
									"uv_size": [36.075, 30.775]
								},
								"east": {
									"uv": [0, 0],
									"uv_size": [223.075, 30.775]
								},
								"south": {
									"uv": [0, 0],
									"uv_size": [36.075, 30.775]
								},
								"west": {
									"uv": [0, 0],
									"uv_size": [149.85, 30.775]
								},
								"up": {
									"uv": [36.075, 149.85],
									"uv_size": [-36.075, -149.85]
								},
								"down": {
									"uv": [36.075, 223.075],
									"uv_size": [-36.075, -223.075]
								}
							}
						},
						{
							"origin": [-79.2, 39.55247, -218.30584],
							"size": [67.175, 5.85, 67],
							"uv": {
								"north": {
									"uv": [0, 0],
									"uv_size": [36.075, 30.775]
								},
								"east": {
									"uv": [0, 0],
									"uv_size": [223.075, 30.775]
								},
								"south": {
									"uv": [0, 0],
									"uv_size": [36.075, 30.775]
								},
								"west": {
									"uv": [0, 0],
									"uv_size": [149.85, 30.775]
								},
								"up": {
									"uv": [36.075, 149.85],
									"uv_size": [-36.075, -149.85]
								},
								"down": {
									"uv": [36.075, 223.075],
									"uv_size": [-36.075, -223.075]
								}
							}
						},
						{
							"origin": [13.175, 39.55247, -218.30584],
							"size": [67.175, 5.85, 67],
							"uv": {
								"north": {
									"uv": [0, 0],
									"uv_size": [36.075, 30.775]
								},
								"east": {
									"uv": [0, 0],
									"uv_size": [223.075, 30.775]
								},
								"south": {
									"uv": [0, 0],
									"uv_size": [36.075, 30.775]
								},
								"west": {
									"uv": [0, 0],
									"uv_size": [149.85, 30.775]
								},
								"up": {
									"uv": [36.075, 149.85],
									"uv_size": [-36.075, -149.85]
								},
								"down": {
									"uv": [36.075, 223.075],
									"uv_size": [-36.075, -223.075]
								}
							}
						},
						{
							"origin": [-3.75952, 70.41768, -170.63084],
							"size": [67.175, 5.85, 72.675],
							"pivot": [29.82798, 73.34268, -137.13084],
							"rotation": [0, 0, -70],
							"uv": {
								"north": {
									"uv": [0, 0],
									"uv_size": [36.075, 30.775]
								},
								"east": {
									"uv": [0, 0],
									"uv_size": [223.075, 30.775]
								},
								"south": {
									"uv": [0, 0],
									"uv_size": [36.075, 30.775]
								},
								"west": {
									"uv": [0, 0],
									"uv_size": [149.85, 30.775]
								},
								"up": {
									"uv": [36.075, 149.85],
									"uv_size": [-36.075, -149.85]
								},
								"down": {
									"uv": [36.075, 223.075],
									"uv_size": [-36.075, -223.075]
								}
							}
						},
						{
							"origin": [-63.35952, 70.41768, -170.63084],
							"size": [67.175, 5.85, 72.675],
							"pivot": [-29.77202, 73.34268, -137.13084],
							"rotation": [0, 0, 70],
							"uv": {
								"north": {
									"uv": [0, 0],
									"uv_size": [36.075, 30.775]
								},
								"east": {
									"uv": [0, 0],
									"uv_size": [223.075, 30.775]
								},